TotalOwed,AmtRepaid,PRSM
46149,20704.69,0.8972974495655377
94692,49918.2,1.0543277151184893
66889,20646.34,0.6173313997817279
27437,12452.95,0.9077486605678464
82812,34961.36,0.8443549244070908
50557,18887.45,0.7471744763336432
67389,30484.97,0.9047461751917969
13401,3536.88,0.5278531452876651
52865,13975.88,0.528738484819824
62621,24249.9,0.7744973730857061
51061,18611.24,0.7289806310099686
84565,33781.79,0.7989544137645598
26747,9201.97,0.6880749242905746
57194,16326.09,0.5709021925376788
27359,10929.43,0.7989641434262948
70226,25818.21,0.7352892091248255
89704,32605.76,0.7269633461161152
87833,51852.26,1.1807011032299932
86991,36244.23,0.8332868917474222
71634,21057.03,0.587906022279923
45293,16813.43,0.7424295144945136
24867,8840.02,0.710984035066554
26884,12502.32,0.9300937360511828
43983,14169.78,0.6443298547165951
18620,6702.13,0.7198850698174006
13930,4500.76,0.6461966977745872
81330,29646.91,0.7290522562400098
11722,4208.08,0.7179798669169084
23058,6261.05,0.5430696504466996
15518,5553.43,0.7157404304678439
94865,25989.04,0.5479163021135298
93478,15637.55,0.3345717708979653
51877,21513.35,0.8293983846405921
26805,9443.99,0.7046439097183361
84666,20918.4,0.4941393239316845
61773,26577.37,0.8604850015378886
34371,13119.18,0.7633865758924675
98366,25945.33,0.5275263810666287
18378,6859.63,0.7465045162694526
85539,34707.64,0.8115044599539392
15806,5530.67,0.6998190560546628
29606,9872.73,0.666941160575559
39093,15725.88,0.804536873609086
37455,14831.49,0.7919631557869443
61224,14046.78,0.4588651509212074
41684,17431.16,0.8363477593321178
16332,7046.46,0.8629022777369582
87600,42214.21,0.9637947488584475
52423,21701.55,0.8279400263243233
65358,26785.68,0.8196603323235105
21450,10636.73,0.991769696969697
53299,16316.2,0.6122516369913131
14794,4982.03,0.6735203460862511
77338,32964.86,0.8524880395148569
13335,3895.02,0.5841799775028121
18591,6301.09,0.6778645581195202
89111,30380.13,0.6818491544253796
57207,22135.88,0.7738871117170976
67585,26886.88,0.7956463712362211
49341,18706.32,0.7582464887213474
23219,9320.19,0.802807183771911
64602,24155.53,0.7478260734961766
30594,10761.82,0.7035248741583316
12949,2966.73,0.4582176229824697
74029,25175.84,0.6801615583082306
87502,29994.08,0.6855633014102536
34425,14378.63,0.8353597676107479
98954,42178.04,0.8524777169189725
31985,11117.17,0.6951489760825387
48642,22452.48,0.9231725669174787
61380,18521.03,0.6034874551971325
56758,22271.83,0.784799675816625
66396,29267.02,0.8815898548105308
28005,10828.47,0.7733240492769148
52181,18201.85,0.6976428201835917
28730,11230.05,0.7817647058823529
14881,3226.56,0.4336482763255157
70791,28765.51,0.8126883360879207
92162,28696.28,0.6227356177166294
41783,9706.55,0.46461718880884567
26905,9852.33,0.732379111689277
33994,14163.01,0.8332652821086074
40873,14628.02,0.7157791206909206
54526,22035.98,0.8082742178043502
21321,9046.27,0.8485783968856996
51555,20350.97,0.7894857918727572
30066,8806.13,0.5857866028071576
77324,39777.17,1.0288440846309037
84925,39592.05,0.9324003532528703
13061,4334.93,0.6637975652706531
18870,6990.92,0.7409560148383678
99079,44055.04,0.8892911716912767
27052,11592.28,0.8570368179801864
39394,14481.68,0.7352226227344266
99176,36638.88,0.7388658546422521
67855,27440.2,0.8087893301893744
68791,30374.55,0.8830966260121237
28993,8321.71,0.5740495981788707
94015,43165.16,0.9182611285433177
13132,4163.31,0.634070971672251
18273,4139.61,0.45308487933015923
56201,9794.59,0.3485557196491166
94756,48052.24,1.0142310777153953
14504,6946.36,0.9578543849972421
39086,13399.83,0.6856588036637159
56192,20518.03,0.730282958428246
46570,12679.55,0.5445372557440412
79309,26856.91,0.6772726928847924
36696,14670.43,0.7995656202310879
72287,35463.98,0.9811993857816759
92999,33304.93,0.7162427552984441
31940,10418.31,0.6523675641828428
54268,22832.77,0.8414819046215081
85663,31668.26,0.7393684554591831
89991,36380.05,0.8085264081963752
92748,44790.51,0.9658539267693105
97535,28524.39,0.5849057261495874
39803,16383.98,0.8232535236037485
82718,30034.1,0.7261805169370632
70134,28012.12,0.7988171215102517
97708,41600.49,0.8515267941212592
60863,28062.84,0.9221642048535235
10589,5432.81,1.026123335536878
83032,32348.3,0.7791767029578958
39272,12603.89,0.641876655123243
12118,4131.98,0.6819574187159596
46011,13808.43,0.6002229901545283
60496,23797.68,0.7867521819624438
15094,6326.25,0.838246985557175
37850,11723.45,0.6194689564068693
54380,19796.83,0.7280923133504966
39214,14662.25,0.747806905696945
77880,32368.92,0.831251155624037
62807,26840.03,0.8546827582912733
54313,18212.22,0.6706394417542761
72430,19793.21,0.5465472870357586
41019,13182.04,0.6427284916745899
98538,42099.48,0.8544821287219144
61761,24794.04,0.802902802739593
54195,24545.11,0.9058071777839284
35334,13768.08,0.7793105790456784
60823,30190.45,0.9927313680680007
15365,5274.37,0.6865434428896844
60332,22505.8,0.7460651064111914
65216,22896.17,0.7021641928361138
85423,36258.05,0.8489060323332125
22538,8969.02,0.7959020321235247
70170,17289.19,0.49278010545817297
68757,30610.18,0.8903873060197507
85329,33684.5,0.7895205615910182
67554,18804.71,0.5567312076264914
23016,4429.22,0.38488182134167537
79807,16744.41,0.4196225894971619
46224,18296.62,0.7916502249913464
70952,15810.12,0.44565678204983655
35908,12357.36,0.6882789350562549
38867,9610.08,0.4945110247768029
40033,19620.96,0.9802393025753753
52348,16060.75,0.6136146557652632
47874,15718.91,0.6566783640389355
14443,6324.8,0.8758291213736759
62859,21620.67,0.6879100844747769
47905,17591.03,0.7344131092787809
39083,14845.44,0.7596878438195636
23789,5904.62,0.4964159905838833
30002,7436.95,0.4957636157589494
89295,29191.39,0.6538191388095638
55997,21194.89,0.7570009107630765
55980,24495.12,0.8751382636655948
88654,35564.34,0.8023177747196967
98842,35628.64,0.7209210659436271
57800,18514.86,0.6406525951557094
20292,6212.62,0.6123220973782771
52166,27422.25,1.0513457040984548
26802,7610.05,0.5678718006118947
57331,16075.74,0.5608044513439501
68358,27401.37,0.80170192223295
41790,19538.23,0.9350672409667384
18029,8419.22,0.9339641688390925
67446,24786.48,0.7350022240014233
77299,27655.53,0.715546902288516
38659,12964.32,0.6707012597325331
20288,7689.63,0.7580471214511041
76706,39110.64,1.0197543868797747
93809,44208.66,0.9425249176518246
71545,21555.2,0.6025634216227549
24992,10102.63,0.8084691101152368
30236,8883.36,0.5876015345945231
75456,33666.78,0.8923552798982188
46647,6790.7,0.29115270006645655
39423,18149.09,0.9207361185094995
41448,13361.35,0.644728334298398
12662,5403.71,0.8535318275154005
74581,21625.09,0.5799088239632078
17393,4081.43,0.4693186914275858
21175,6107.33,0.5768434474616293
13588,3073.86,0.45243744480423903
34094,12633.72,0.7411110459318355
82909,45146.39,1.0890588476522451
74278,33850.42,0.9114521123347424
38347,14742.01,0.7688742274493442
80614,27879.12,0.691669437070484
57750,24226.13,0.8390001731601732
57870,23741.84,0.8205232417487472
36664,13618.77,0.7428960288020947
33978,13294.4,0.7825298722702925
13877,4847.94,0.6987014484398645
29428,12094.55,0.8219756694304743
60398,22123.52,0.7325911454021656
24670,10089.64,0.817968382650993
82113,35879.81,0.8739130222985397
15211,5162.46,0.678779830385905
65045,26603.2,0.8179936966715351
84159,44522.23,1.0580503570622275
54936,20686.3,0.7531054317751565
29713,6743.79,0.45392858344832226
34974,15701.21,0.8978789958254703
99066,43863.86,0.8855482203783337
40063,12888.79,0.643426103886379
42216,18056.96,0.8554557513738866
48372,21349.76,0.8827321591003059
17940,8645.35,0.9638071348940914
70373,33493.45,0.9518835348784334
86446,22108.74,0.5115040603382459
63355,20006.45,0.6315665693315445
36699,14450.01,0.7874879424507479
70003,31976.32,0.9135699898575775
19429,9293.4,0.9566524267847032
97381,40152.18,0.8246409463858453
89064,12449.76,0.27956884936674753
18856,8058.41,0.8547316504030548
11994,3274.49,0.546021344005336
75035,30953.35,0.825037649097088
60017,22613.05,0.7535548261325957
69871,31082.66,0.8897156187831862
20758,6209.95,0.5983187204933038
71488,30441.29,0.8516475492390332
61733,17035.67,0.5519145351756758
91351,29978.1,0.6563277906098455
56671,15636.55,0.55183603606783
34122,15213.46,0.8917097473770588
57313,17362.88,0.6058967424493571
56592,18237.08,0.6445108849307323
10345,3185.85,0.6159207346544224
80626,33171.13,0.8228395306724877
83239,20719.58,0.4978334674851933
38898,15285.49,0.7859267828680138
45133,17501.44,0.7755495978552278
94284,41938.88,0.8896287811293538
12482,4067.21,0.651692036532607
165547,64251.99,0.776238651259159
162117,52995.28,0.6537905339970514
127792,56969.59,0.8915986916238887
195924,82944.97,0.8467055592985036
118203,56104.8,0.9492957031547423
121542,58152.53,0.9569125076105379
161584,72718.9,0.9000755025250025
175308,80109.84,0.9139325073584776
117833,47425.72,0.804964992828834
148646,61298.06,0.8247522301306459
120834,42488.53,0.7032545475611169
193465,79769.75,0.8246427002300157
176772,56823.43,0.6429007987690358
116870,42279.77,0.7235350389321468
163380,70351.42,0.8611999020687966
147201,70178.6,0.953507109326703
189292,70598.49,0.7459215392092641
171596,66009.31,0.7693572111238024
151558,54964.25,0.7253229786616345
123275,48239.77,0.7826367065503954
144304,49495.64,0.6859912407140482
192748,49532.07,0.5139567725735157
121054,63667,1.051877674426289
105483,43615.04,0.8269586568451789
163178,92827.58,1.13774626481511
135347,45311.96,0.6695672604490679
116615,42121.15,0.7223967757149595
110042,32060.96,0.5827040584504098
135099,39633.89,0.5867384658657725
149367,60841.23,0.8146542408965837
173352,58756.47,0.6778862660944206
114722,59000.11,1.0285753386447238
107041,63199.9,1.1808540652647117
154000,53897.23,0.699964025974026
137340,57206.08,0.8330578127275375
112130,47852.43,0.8535169892089539
106429,49370.1,0.9277565325240301
160227,77172.69,0.9632919545394971
142909,58730.53,0.8219290597513103
135391,41870.2,0.6185078771853373
110017,39149.84,0.7117052819109774
193477,100276.86,1.036576543981972
122150,41834.42,0.6849679901760131
179136,87785.55,0.9800994774919615
112662,49829.82,0.8845896575597806
126517,54346.85,0.8591232798754317
149551,53112.11,0.7102875941986346
165679,72420.81,0.8742304094061407
101548,39356.99,0.7751406231535825
123100,42145.32,0.6847330625507717
146855,65617.18,0.8936322222600523
105222,36997.97,0.7032363954306133
147977,41465.54,0.5604322293329369
157764,68175.24,0.8642686544458813
152946,42420.06,0.5547063669530422
144385,70739.06,0.9798671607161409
190855,72846.53,0.7633704120929501
188554,97241.55,1.0314451032595437
123085,37032.44,0.6017376609659991
164095,81101.54,0.988470581065846
146542,42297.1,0.5772693152816257
138755,56036.8,0.8077085510432057
195481,67304.1,0.6885999150812612
178100,77241.4,0.8673935991016283
101303,28534.25,0.5633446196065269
191408,86704.82,0.9059686115522863
107671,42014.37,0.7804212833539208
137030,47339.77,0.6909402320659709
173792,60768.03,0.6993190710734671
149139,59804.76,0.8020002816164786
155550,60848.82,0.7823699132111861
197742,58554.8,0.5922343255352935
119323,60980.75,1.0221122499434308
191867,63794.37,0.6649853283785122
108907,37616.03,0.690791776469832
147082,46968.25,0.6386675459947512
125202,58679.31,0.9373541956198782
137243,57413.52,0.8366695569172926
152930,43914.4,0.5743071993722618
190269,84894.61,0.892364074021517
157455,70440.19,0.8947342415293259
123880,37094.45,0.5988771391669357
140706,67996.8,0.9665088908788538
151250,56098.4,0.7417970247933885
181499,74182.28,0.8174400960886836
167022,74814.16,0.8958599465938619
190792,65938.77,0.6912110570673823
147892,58028.33,0.7847392691964407
182223,59623.44,0.6544008165818804
173226,93971.76,1.084961379931419
185542,55914.75,0.6027179829903742
122860,51103.45,0.8318972814585707
143099,54173.99,0.7571539982809103
187616,70751.03,0.7542110480982432
110335,43372.15,0.7861902388181448
178417,92079.05,1.0321779875236103
150745,67183.16,0.8913484361006999
179321,89601.89,0.99934631192108
105045,37567.21,0.715259365034033
113938,26171.82,0.45940458846039073
159122,38541.29,0.4844244039164918
115467,51969.81,0.9001673205331393
177917,67050.22,0.753724714333088
102350,47477.6,0.9277498778700537
128142,61166.03,0.9546601426542429
161419,70911.8,0.8786053686369015
113685,57740.97,1.0158063069006464
132793,36695.77,0.552676270586552
109439,51833.18,0.94725244199965275
130269,66561.56,1.0219094335567172
149882,39585.52,0.5282224683417621
102677,32514.39,0.6333334631903932
109870,48324.6,0.879668699371985
182956,81320.8,0.8889656529438772
124496,48201.7,0.7743493766868011
120228,45289.61,0.7533953821073294
146327,59620.83,0.81489854913994
165135,63850.96,0.7733183153177703
113195,31462.3,0.555895578426609
159771,59514.6,0.7449987795031638
142799,25511.27,0.3573032024033782
146180,64677.67,0.8849045012997674
122329,41310.24,0.6753956952153618
101027,42244.18,0.8362948518712819
109840,56341.16,1.0258769118718136
113972,38189.5,0.670155827747166
187976,52229.3,0.5557017917180918
109606,42306.91,0.7719816433406931
141051,60855.3,0.8628836378331243
153707,72600.77,0.9446644590031684
143143,57168.48,0.7987604004387222
131306,72746.37,1.1080433491234216
185535,82948.05,0.8941498908561727
144002,60161.57,0.8355657560311662
116603,54497.55,0.9347538228004426
150434,58617.08,0.7793062738476675
108094,36803.55,0.6809545395674136
176862,84625.73,0.9569690493152854
157965,47341.66,0.5993942962048555
192547,72776.34,0.7559332526603894
146331,75776.16,1.035681571232343
127190,68561.67,1.078098435411589
123770,53848.96,0.8701455926314939
130802,41823.25,0.639489457347747
125645,43331.05,0.6897377531935215
187867,81493.93,0.8675704620822177
184498,86885.02,0.9418532450216263
174041,87630.9,1.0070144391264126
158052,71666.47,0.9068720421127224
166485,67516.08,0.8110770339670241
170854,54692.1,0.6402203050557786
114446,54191.68,0.947026195760446
164663,62227.99,0.7558223766116249
146105,40261.15,0.551126244823928
125779,48367.35,0.7690846643716359
132904,48395.68,0.7282802624450732
132380,57815.52,0.8734781689076899
155496,67728.44,0.8711277460513454
177818,71341.08,0.8024056057317033
140844,56376.9,0.8005580642412883
134668,54771.54,0.8134306591023851
134734,45801.1,0.6798744192260305
102222,24322.08,0.47586781710395026
145533,49382.01,0.6786365978850158
131392,57274.08,0.8718046760837799
176449,96361.6,1.0922317496840448
128646,52095.13,0.8098989474993392
121092,49349.62,0.8150764707825455
156045,65190.95,0.8355403889903553
150424,90257.34,1.2000390895069935
114204,53210.84,0.9318559770235718
109751,41058.7,0.7482155060090568
103372,43562.5,0.8428297798243238
147486,51054.7,0.6923328315907951
151850,63111.82,0.8312389858412907
114055,45867.94,0.8043126561746526
100903,39039.91,0.7738106894740494
131332,48197.64,0.733981664788475
119988,37916.69,0.632008034136747
132514,61445.94,0.9273878986371251
133298,55124.5,0.827086677969662
133373,46651.85,0.6995696280356594
196800,99334.21,1.0094940040650406
134458,65340.68,0.9719121212571955
109432,42343.26,0.7738734556619636
184883,80320.9,0.8688835642000616
160940,49088.74,0.6100253510625078
123879,52877.72,0.8536994970899022
132619,53426.98,0.8057213521441121
120527,57070.22,0.9470113750445959
110140,39351.93,0.7145801706918468
115795,33823.85,0.5842022539833326
153282,68729.73,0.896774963792226
136038,53788.69,0.7907891912553846
155545,50450.88,0.6486981902343373
123527,54684.74,0.8853892671237866
177324,58416.68,0.6588694141796937
189824,50408.57,0.5311085005057317
145364,76478.66,1.0522365922786936
122827,44853.44,0.7303514699536747
167408,56852.5,0.6792088789066233
192959,55169.11,0.5718220969221441
195263,75473.68,0.7730464040806502
185817,76649.12,0.8249957754134444
159964,45390.59,0.567510064764572
130413,48063.46,0.7370961483901145
111576,51682.57,0.9264101598910159
142676,63332.83,0.8877853318007234
162509,48731.49,0.599738968303294
129418,46761.33,0.7226402818773278
132584,55875.7,0.8428724431303928
175561,78130.43,0.8900659030194632
115613,36897.95,0.638301056109607
160037,74892.57,0.9359406887157345
130222,36469.72,0.560116109413156
123752,27349.16,0.44199948283664103
106631,36081.32,0.6767510386285415
176551,73490.75,0.8325158169594055
163579,77767.37,0.9508233942009671
157840,85325.55,1.0811651039026864
101039,23623.9,0.46761943407990975
117883,46014.51,0.7806810142259698
198870,100140.64,1.007096495197868
167935,55628.15,0.6624962038884092
103997,48345.8,0.9297537428964298
140133,56409.85,0.8050901643438733
117697,42266.85,0.7182315607024817
109501,42226.38,0.7712510388032986
106040,41870.37,0.7897089777442475
128033,60385.19,0.9432754055595042
165242,83730.31,1.0134264896333862
195801,82834.76,0.8461117154662131
123205,46210.84,0.7501455298080435
121689,51484.74,0.84616916894707
119288,64395.74,1.0796683656361075
143151,57219.71,0.7994315093851947
164230,39337.98,0.4790596115204287
149570,58366.22,0.7804535668917564
187281,71128.38,0.7595899210277605
132272,48529.93,0.7337899177452523
119622,18877.44,0.3156181973215629
144687,63687.65,0.880350688036935
108785,39513.51,0.7264514409155675
116894,31871.51,0.5453061748250552
115712,30865.23,0.5334836490597346
104353,42120.53,0.8072701311893286
186414,73175.82,0.785089317325952
176644,66446.52,0.7523212789565454
199159,98502.12,0.9891807048639528
197378,101940.68,1.0329487582202677
286235,98299.45,0.6868443761245131
225055,86426.05,0.7680438115127414
292031,131314.02,0.8993156206019223
214266,108581.83,1.0135236575098243
262775,104296.77,0.7938104461992199
204670,73394.79,0.7172012507939609
240817,114679.36,0.9524191398447784
237615,107094.1,0.9014085811080951
281265,133097.94,0.9464237640659166
232258,97681.06,0.8411426947618597
239454,72766.47,0.6077699265829762
283600,130862.26,0.9228650211565586
231866,119787.89,1.0332510156728456
245814,107964.42,0.8784236862017623
218605,100894.4,0.9230749525399693
212545,100855.68,0.9490289585734785
270948,118350.09,0.8736000265733646
235456,104885.49,0.8909137163631422
242571,128408.72,1.0587310107143888
247163,111705.35,0.9039002601522073
212468,92239.22,0.8682645857258505
282815,91063.38,0.6439784311298906
277516,131395.48,0.9469398521166348
230459,110671.59,0.9604449381451798
255196,108423.61,0.8497281305349613
264357,84705.36,0.6408406813513544
222158,94197.32,0.8480209580568785
210625,96396.73,0.9153398694362017
260317,108038.46,0.8300530507035653
255063,110850.34,0.8691996879202393
208289,83577.81,0.8025177517775782
242592,99179.33,0.8176636492547158
266088,81685.27,0.6139718439012658
299057,152489.37,1.0198013756574833
204298,78145.39,0.7650137544175665
208044,60358.93,0.5802515813962431
209568,67192,0.6412429378531074
251947,119236.01,0.9465166086518196
283153,116937.75,0.8259686459264073
225944,69773.25,0.6176154268314272
251762,88324.51,0.7016508448455286
280985,112671.88,0.8019778991761126
207412,56285.4,0.5427400536130986
251555,138492.69,1.1010927232613146
224793,97411.29,0.8666754747701217
257007,73926.65,0.5752889999105082
250667,99963.12,0.7975770244986375
294952,146360.69,0.9924373457376116
216695,102666.23,0.9475643646600059
234696,83102.81,0.7081740634693391
286627,132571.98,0.9250487916351217
208636,74360.48,0.712825015817021
252833,131051.13,1.03666159085246
241363,119935.31,0.9938168650538814
209157,85626.22,0.8187746047227681
280299,129223.52,0.9220405352855344
222906,86594.16,0.7769567440984092
218649,144679.59,1.323395853628418
224041,91033.65,0.812651702143804
232871,103336.48,0.8874997745532934
221711,95778.1,0.863990510168643
290730,113676.71,0.7820088054208373
228514,73149.83,0.6402218682443964
282466,81953.4,0.5802708998605142
280725,146670.91,1.0449436993498975
220224,98792.15,0.8971969449287998
208951,101341.5,0.9700025364798446
248762,82667.95,0.6646348718855773
222719,113989.6,1.0236181017335746
215562,91607.85,0.8499443315612214
266010,145874.11,1.0967565880981918
237614,45939.57,0.3866739333540953
220771,88194.31,0.7989664403386314
239698,97765.96,0.8157428097022087
263930,70189.06,0.5318763308452998
293428,109848.96,0.7487285466962935
262627,90907.87,0.6922964508599648
220898,81084.73,0.7341372941357549
267508,120757.91,0.9028358778055235
209658,59408.15,0.566714840359061
200395,102966.09,1.0276313281269494
244589,128378.24,1.0497466361937782
264573,109674.32,0.829066609215604
233440,88368.25,0.7570960418094586
246845,118769.07,0.9622967449209019
232337,98570.79,0.8485156475292355
236766,85167.59,0.7194241571847309
250557,62378.69,0.49792015389711725
267826,130955.67,0.9779160350376737
263460,110398.27,0.8380647536627951
250046,105149.44,0.8410407684985963
250351,82286.2,0.6573666572132726
257796,110143.98,0.8545049574081832
293925,145648.01,0.9910556094241729
226666,90709.29,0.8003784422895361
270214,108283.6,0.8014655051181656
295909,129181.82,0.8731185600978679
233097,82693.29,0.709518269218394
225776,91193.87,0.8078260754021684
211542,93409.12,0.8831259986196595
231323,55414.86,0.47911240992032783
208407,97733.04,0.9379055406008435
274025,100606.32,0.7342857038591369
266551,137628.05,1.0326582905335189
286386,122474.19,0.8553084997171649
280079,148963.73,1.0637265200175665
222234,89186.54,0.8026363202750254
214554,67283.59,0.6271949252868741
247981,92316.11,0.7445417995733544
228890,98435.72,0.8601137664380271
245412,84046.04,0.6849383078252081
216307,88299,0.8164229544120163
290577,157348.93,1.0830102176015306
255346,112549.65,0.8815462157229798
280537,143947.89,1.026231049736755
246370,74731.8,0.6066631489223526
272522,56703.54,0.416139174085028
211716,105673.43,0.9982564378695988
229011,97759.69,0.8537554091288192
213987,95013.6,0.888031515933211
278262,94493.33,0.6791680502547959
217493,102035.87,0.9382910714367818
200963,102047.43,1.0155842617795314
236557,80467.1,0.6803189083392164
241035,149056.51,1.2368038666583692
243948,95721.95,0.7847733943299391
286696,83228.26,0.5806028685436838
227141,100415.75,0.8841710655495926
281699,144394.57,1.0251692054284893
263657,117404.29,0.8905835232897287
278692,111540.15,0.8004546237423392
298415,150189.96,1.0065845215555518
209403,87167,0.8325286648233311
231500,81033,0.7000691144708423
265559,107360.34,0.8085611107136267
241103,128847.88,1.06882021376756
272045,129367.76,0.9510761822492602
249445,106209.57,0.8515670388261942
211376,113773.37,1.076502251911286
254971,139560.01,1.0947128104764856
271357,132575.5,0.977129758952229
212763,114199.03,1.073485803452668
244864,97416.38,0.7956774372713017
287955,121565.61,0.844337552742616
204979,64434.69,0.6286955249074295
290292,145030.45,0.9992039050335525
292943,155407.04,1.0610053150271554
270532,141815.11,1.048416527434832
228264,105679.29,0.9259391756913048
265834,96128.24,0.7232200546205527
240231,127851.39,1.064403761379672
273565,154822.09,1.1318852192349167
298475,165682.97,1.1101966328838262
201791,90336.3,0.8953451838783693
214597,76677.12,0.7146150225772028
230019,97979.59,0.8519260582821419
295038,105923.07,0.7180300164724545
245532,104333.95,0.849860303341316
275274,151347.56,1.099613911956814
294147,138477.49,0.9415529650140916
247555,112103.06,0.9056820504534345
232246,94788.57,0.816277309404683
214505,117496.96,1.0955172140509546
279000,130825.9,0.9378200716845878
211981,96318.95,0.9087507842684014
211512,88101.77,0.8330663981239835
236871,96285.08,0.8129748259601217
259336,132541.43,1.0221599006694018
244143,101567,0.8320287700241252
205740,111198.81,1.0809644211140275
243414,125218.1,1.0288487925920449
282515,113111.82,0.8007491283648657
299783,108204,0.7218821614301011
291090,100470.34,0.6903043045106324
243546,90209.92,0.7408039548996904
288158,138144.21,0.9588087785173411
288944,105812.9,0.7324111246469904
200920,63329.06,0.6303908023093768
260802,120848.49,0.9267451169852993
202164,82566.77,0.8168296036880949
269768,146847.85,1.0886973251089826
288923,129453.22,0.8961087902313073
223774,87982.62,0.7863524806277762
210930,98013.66,0.9293477456976248
298728,85734.33,0.5739959427974612
226227,75243.7,0.6652053026385002
229529,81297.19,0.7083827315938291
293854,114047.08,0.7762159439721766
292983,134812.92,0.9202781048729791
223970,111003.47,0.9912351654239407
250184,130350.34,1.0420357816646948
270035,126665.14,0.9381386857259244
261617,125074.27,0.9561631698245909
278831,135234.77,0.9700124448142422
204066,86647.97,0.8492151558809405
236531,102600.05,0.8675399841881192
243917,119403.52,0.979050414690243
208110,85790.72,0.8244747489308539
281688,122362.5,0.8687803527306808
206826,85796.45,0.8296485935037181
215101,71001.38,0.6601678281365498
277867,90644.47,0.6524306232838013
290500,144413.45,0.9942406196213426
236288,108112.32,0.9150893824485374
256391,111022.82,0.866043035831991
242808,113478.2,0.934715495370828
241990,103986.12,0.8594249349146659
280281,115870.97,0.8268200127728957
214829,101914,0.9487918297808955
254086,102787.41,0.8090757460072574
235505,88357.67,0.7503676779686206
212871,84502.41,0.7939306904181406
205125,88526.05,0.8631424741011579
296294,90425.33,0.6103757079117363
259196,109178.3,0.842438154909798
228251,94316.2,0.8264252949603725
295750,105563.14,0.7138673879966188
289429,105740.01,0.7306801322604162
287967,125653.81,0.8726958991828925
203246,71033.96,0.6989949125690051
227168,90733.64,0.7988241301591773
251109,83079.61,0.6617015718273738
235042,107633.84,0.915868993626671
273860,106441.76,0.7773443365223106
209060,75551.36,0.7227720271692337
215060,99079.4,0.9214116990607272
281010,146355.88,1.0416417921070424
231642,86360.53,0.7456379240379551
269280,123031.91,0.9137842394533571
297173,143800.34,0.9677887291241128
231766,118028.27,1.0185123788648895
227180,111003.58,0.9772302139272824
201160,84660.02,0.8417182342413999
266940,115334.12,0.8641201768187607
283130,120126.15,0.8485582594567866
203993,83445.13,0.818117582466065
294838,132216.66,0.8968766576899857
219886,88683.58,0.8066323458519414
252993,83016.62,0.656276023447289
227473,104923.47,0.922513617000699
285984,80147.35,0.5605023357950095
236986,127599.34,1.076851290793549
236471,102555.31,0.8673817085393135
259637,119157.46,0.9178773441381621
227624,99870.35,0.8775028116543071
284356,128319.02,0.9025237378497377
273518,114736.49,0.8389684773945408
240388,143021.17,1.189919380335125
288537,134462.55,0.9320298609883654
225596,107002.71,0.9486224046525649
449093,189913.85,0.8457662444081738
327371,105753.3,0.64607616435176
421249,225714.12,1.071642282830345
355224,163778.67,0.922114890885751
394792,218094.26,1.1048565320472552
446958,137089.62,0.6134340139341952
355985,123405.83,0.6933203927131761
440745,167938.87,0.7620681800133864
352278,144893.01,0.8226060667995163
306325,127869.75,0.8348632987839713
382412,236054.05,1.2345535704946498
408451,220095.85,1.077709933382462
334792,156727.85,0.9362699825563335
440911,142377.35,0.6458326056732538
396138,218053.98,1.1008990806234191
306788,122401.37,0.7979540920766132
334741,159576.6,0.9534332513794247
371345,221304.68,1.1919087640873043
302799,140373.71,0.9271741980653833
308328,174446.65,1.1315654108611608
401404,183217.87,0.9128851232175065
387490,158795.32,0.8196098996103126
363878,165267.27,0.9083663755434513
334974,139895.76,0.835263393576815
330460,150746.98,0.9123463051503965
326123,110891.02,0.6800564204303284
330985,123489.96,0.7461967158632566
300524,158827.16,1.0570015040396108
428613,216427.65,1.0098977399192277
357305,154484.46,0.8647203929416045
438003,253511.09,1.1575769572354526
379862,193640.35,1.01952998720588
347108,141600.46,0.815887043801929
320851,153766.54,0.9584918856416219
375338,147290.23,0.784840490437952
319467,158295.31,0.9909963157384017
406188,207782.6,1.023085861719204
323628,127254.44,0.7864241660177735
376904,201366.4,1.0685288561543522
327395,131298.02,0.802077123963408
340304,130748.32,0.7684207061921107
303617,103742.76,0.683379125674781
429885,199897.71,0.9300055131023413
321367,125123.15,0.7786932074544056
323426,157726.05,0.9753455195315156
355448,169105.26,0.9515049177376157
423010,156281.08,0.7389001678447318
398959,198609.24,0.9956373461934684
325390,127138.93,0.7814556685823165
416909,233898.86,1.1220619367775702
329675,153310.98,0.9300734359596573
423323,194086.26,0.9169653432485361
420867,202223.73,0.9609863923757387
353928,148414.29,0.8386693903844851
331633,148240.96,0.894006085039788
340515,178596.13,1.0489765795926758
422448,182034.57,0.8618081752073629
355586,175935.48,0.9895523445804953
369810,159529.31,0.8627636353803304
324070,129119.83,0.7968638257166661
324974,141404.23,0.8702494968828276
316194,198885.07,1.2579939530794386
311729,126307.72,0.8103687497794558
361661,181127.02,1.0016397676276956
425725,233010.98,1.09465490633625
348724,167119.02,0.9584601002512014
310652,161489.65,1.0396820236148487
415778,190233.52,0.9150725627618584
352475,180446.6,1.0238831122774665
350563,118557.87,0.676385528421425
447814,186120.8,0.831241542247451
324109,146527.67,0.9041876035531258
306786,112829.26,0.7355567724733201
365505,139566.3,0.7636902367956662
403976,147756.56,0.7315115749450463
313472,110370.88,0.7041833401388322
308867,112985.56,0.7316130243761878
307838,146294.51,0.9504642701680754
318007,144425.49,0.9083164207077202
333509,144808.26,0.868391917459499
335556,148152.9,0.8830293602260129
412449,208794.54,1.0124623407984987
418415,176524.61,0.8437776370350011
389807,267079.91,1.3703186961752867
432677,231371.4,1.0694878627706117
354191,185169.14,1.0455891877546297
410352,173636.35,0.8462800230046399
428504,180933.56,0.844489479678136
346382,136501.77,0.7881574100270798
333905,94460.48,0.5657925457839804
352542,228688.17,1.2973669520227378
324496,127315.9,0.7846993491445194
444149,221658.21,0.998125448892151
339495,164617.29,0.9697774046745903
332916,184535.4,1.1086003676603107
394837,129766.58,0.6573172220435268
421176,232497.64,1.1040403061902864
441220,206556.74,0.9362981732469062
367010,157031.15,0.8557322688755075
407379,214470.72,1.0529296797331231
391026,165208.96,0.8450024295059663
344566,171850.68,0.9974906403998073
390378,158219.04,0.8105940396231346
389507,198841.89,1.0209926394134123
350571,141235.24,0.8057440005020381
315872,163870.08,1.0375726876709552
378371,192135.36,1.0155924211950704
376328,170262.62,0.9048628855679088
420099,205781.07,0.9796789328229775
304625,132868.12,0.87233890849405
405324,155544.42,0.7675065873227345
446639,206206.69,0.9233707311721547
367469,211808.06,1.1527941676712865
394137,156334.64,0.7933010095474416
313256,131820.52,0.8416152922849043
397946,207975.01,1.0452423695677304
351934,148188.26,0.8421366506219917
330228,137718.72,0.8340826338166358
333689,154985.27,0.9289204618671877
402450,170446.55,0.8470446018138899
363228,228036.54,1.2556110211767815
350245,113544.01,0.6483690559465517
304001,101780.03,0.6696032578840201
344254,180315.23,1.0475708633741365
373337,125110.31,0.6702272209826511
314894,155141.51,0.9853570407819775
386512,166194.18,0.8599690565881525
322983,110277.19,0.6828668381927222
448453,159293.33,0.7104125961917971
405863,196250.42,0.9670771664330082
370473,147182.33,0.794564408202487
372636,214858.91,1.153183857705643
378654,169597.68,0.8957923592514538
445237,214676.93,0.9643265496802826
365062,178545.94,0.9781677632840449
345411,200586.16,1.1614346966367604
400468,144329.14,0.7208023612373524
406772,154450.3,0.7593949436047711
383996,199441.99,1.0387711851165116
357638,168618.47,0.942956117638506
317555,121973.61,0.7682046259703044
306486,120638.9,0.7872392213673708
303937,151796.05,0.9988652253592026
421189,165737.42,0.7869978560693656
404436,187571.69,0.9275716800680454
420068,185565.04,0.883500004761134
415950,191078.53,0.9187572063949994
425456,239093.06,1.1239378925200256
329535,137502.96,0.8345271974145386
380053,149638.74,0.787462485495444
346470,149541.73,0.8632304672843248
396079,102650.12,0.5183315449695641
414680,152625.82,0.7361137262467445
398995,236270.9,1.1843301294502437
433049,164727.19,0.7607785262175873
315001,147829.64,0.9385979092129867
413779,230047.32,1.111933278392572
447896,196132.55,0.8757950506367549
371689,209664.94,1.1281740379726062
376866,178477.21,0.9471653585093905
300330,110549.43,0.7361863949655378
407701,174114.9,0.8541303553339334
316549,152260.52,0.9620028494798593
369264,128350.5,0.6951693097621214
313120,65699.97,0.4196472278998467
379508,224581.58,1.1835406895243314
336775,146583.07,0.8705104001187737
331538,146384.18,0.8830612478810875
437723,157354.67,0.718969165431106
410585,241762.69,1.1776498897913952
432979,199905.44,0.9233955457424032
347351,121800.71,0.7013119870102577
325154,135016.08,0.8304746673883759
321682,175758.64,1.0927477446670937
383383,189771.19,0.9899822892512188
340658,191834.18,1.1262567149457814
323639,138134.3,0.8536319788406217
301453,166009.72,1.1013970337001124
402078,212181.48,1.0554244698789788
306910,167627.29,1.0923546968166564
441575,151068.38,0.6842252392005889
367407,178118.25,0.9695963876572847
416142,159943.26,0.7686955894862811
373092,170636.62,0.9147160485885518
349541,178494.87,1.0213100609084484
324721,125152.27,0.7708295428999049
351508,152418.6,0.8672269194442233
378947,182030.19,0.9607158256959417
361486,189315.07,1.0474268436398644
311248,136631.69,0.8779602760499666
360256,142351.67,0.7902806337715403
335342,166249.8,0.9915238771164959
408442,185089.31,0.9063186939638921
344786,110786.86,0.642641290539639
321672,139113.09,0.8649375139894053
310753,155564.29,1.0012086126280357
338367,100577.49,0.5944875830089814
310738,116115.21,0.7473512090571479
307872,142039.63,0.9227187272632783
364876,160474.13,0.8796091274844057
326974,134507.19,0.8227393615394496
308688,149556.24,0.9689799409112113
335558,129931.66,0.7744214711018662
360595,186755.8,1.0358202415452238
306091,149266.24,0.9753062978003273
436243,215304.21,0.9870838500560467
393708,193841.62,0.9846973899438162
311420,123058.08,0.7903029991651146
350548,163222.47,0.9312417700286408
336658,181415.2,1.0777418032543413
442811,194815.81,0.8799050159097221
348825,164445.1,0.9428515731383932
317343,124836.64,0.7867615797417936
312884,121324.67,0.7755249229746487
319925,146179.54,0.9138363053840745
334233,149063.25,0.891972067390114
396013,189096.85,0.9550032448429724
306438,131577.64,0.8587553762914522
413868,178429.82,0.8622547285607972
415121,169290.13,0.8156182414284028
311948,123482.78,0.7916882300896303
303373,122670.4,0.8087100697820834
393781,121662.1,0.6179175734735806
408166,188342.3,0.9228710867637187
347412,154268.11,0.8880989142574234
340442,161024.62,0.945973881013506
316210,155630.92,0.9843516650327315
371064,175656.2,0.9467703684539595
354375,160837.01,0.9077221022927691
362690,152630.83,0.841659985111252
319914,127117.38,0.7946971998724658
312683,147483.76,0.9433436419632664
388992,169005.96,0.8689431145113524
368376,132289.63,0.7182315351705866
382973,130689.57,0.682500176252634
387095,237509.15,1.2271362327077333
428993,270960.06,1.2632376752068215
420821,258834.13,1.2301388476335544
300704,175489.55,1.1671913243588379
396667,148488.27,0.7486797237985514
378103,175275.67,0.9271318661846112
342949,157987.15,0.9213448646883355
397343,132822.19,0.6685518053671513
325892,120742.19,0.7409951149460557
301568,127902.54,0.8482500795840408
394461,155759.38,0.7897327238941239
300567,104412.04,0.6947671567404272
413339,120258.7,0.5818889579739632
417390,127958.11,0.6131345264620619
356851,131821.01,0.7388014045077638
